Course,Credit,Lab,Difficulty,Material,Study Time,Weight
ME 233,4.00,1.00,9.00,9.00,9.00,3.645
PHYS 101,4.00,1.00,8.00,9.00,9.00,3.24
PHYS 102,4.00,1.00,9.00,9.00,8.00,3.24
ME 233,4.00,1.00,9.00,8.00,9.00,3.24
ME 343,4.00,1.00,9.00,8.00,9.00,3.24
ME 343,4.00,1.00,8.00,9.00,9.00,3.24
ME 431,4.00,1.00,9.00,9.00,8.00,3.24
ME 431,4.00,1.00,8.00,9.00,9.00,3.24
MATH 102,4.00,0.00,9.00,9.00,9.00,2.916
MATH 102,4.00,0.00,9.00,9.00,9.00,2.916
CHEM 101,4.00,1.00,9.00,8.00,8.00,2.88
CHEM 101,4.00,1.00,8.00,9.00,8.00,2.88
CHEM 101,4.00,1.00,9.00,8.00,8.00,2.88
PHYS 102,4.00,1.00,9.00,8.00,8.00,2.88
PHYS 102,4.00,1.00,8.00,9.00,8.00,2.88
ME 431,4.00,1.00,9.00,8.00,8.00,2.88
ME 431,4.00,1.00,8.00,8.00,9.00,2.88
CHEM 101,4.00,1.00,9.00,7.00,9.00,2.835
PHYS 101,4.00,1.00,7.00,9.00,9.00,2.835
PHYS 101,4.00,1.00,9.00,9.00,7.00,2.835
PHYS 102,4.00,1.00,9.00,7.00,9.00,2.835
ME 233,4.00,1.00,9.00,7.00,9.00,2.835
ME 343,4.00,1.00,9.00,7.00,9.00,2.835
ME 431,4.00,1.00,9.00,7.00,9.00,2.835
MATH 102,4.00,0.00,9.00,9.00,8.00,2.592
MATH 102,4.00,0.00,8.00,9.00,9.00,2.592
PHYS 102,4.00,1.00,8.00,8.00,8.00,2.56
ME 431,4.00,1.00,8.00,8.00,8.00,2.56
ME 431,4.00,1.00,8.00,8.00,8.00,2.56
ME 431,4.00,1.00,8.00,8.00,8.00,2.56
CHEM 101,4.00,1.00,9.00,7.00,8.00,2.52
CHEM 101,4.00,1.00,9.00,8.00,7.00,2.52
PHYS 101,4.00,1.00,9.00,8.00,7.00,2.52
PHYS 101,4.00,1.00,8.00,7.00,9.00,2.52
PHYS 101,4.00,1.00,8.00,9.00,7.00,2.52
PHYS 102,4.00,1.00,9.00,7.00,8.00,2.52
ME 343,4.00,1.00,7.00,8.00,9.00,2.52
ME 431,4.00,1.00,8.00,9.00,7.00,2.52
ME 431,4.00,1.00,9.00,7.00,8.00,2.52
CHEM 101,4.00,1.00,6.00,9.00,9.00,2.43
PHYS 102,4.00,1.00,9.00,6.00,9.00,2.43
ME 233,4.00,1.00,9.00,9.00,6.00,2.43
ME 343,4.00,1.00,9.00,6.00,9.00,2.43
ME 431,4.00,1.00,6.00,9.00,9.00,2.43
ME 431,4.00,1.00,6.00,9.00,9.00,2.43
MATH 101,4.00,0.00,9.00,8.00,8.00,2.304
MATH 102,4.00,0.00,8.00,8.00,9.00,2.304
ICS 103,3.00,1.00,8.00,8.00,9.00,2.304
STAT 319,3.00,1.00,8.00,9.00,8.00,2.304
MATH 101,4.00,0.00,7.00,9.00,9.00,2.268
MATH 102,4.00,0.00,9.00,9.00,7.00,2.268
MATH 102,4.00,0.00,9.00,7.00,9.00,2.268
ICS 103,3.00,1.00,9.00,7.00,9.00,2.268
STAT 319,3.00,1.00,9.00,9.00,7.00,2.268
STAT 319,3.00,1.00,9.00,7.00,9.00,2.268
STAT 319,3.00,1.00,9.00,7.00,9.00,2.268
STAT 319,3.00,1.00,9.00,7.00,9.00,2.268
PHYS 101,4.00,1.00,8.00,8.00,7.00,2.24
PHYS 101,4.00,1.00,7.00,8.00,8.00,2.24
ME 201,4.00,1.00,7.00,8.00,8.00,2.24
ME 233,4.00,1.00,8.00,8.00,7.00,2.24
ME 343,4.00,1.00,7.00,8.00,8.00,2.24
ME 431,4.00,1.00,7.00,8.00,8.00,2.24
ME 431,4.00,1.00,7.00,8.00,8.00,2.24
ME 431,4.00,1.00,8.00,8.00,7.00,2.24
CHEM 101,4.00,1.00,7.00,9.00,7.00,2.205
PHYS 101,4.00,1.00,9.00,7.00,7.00,2.205
PHYS 101,4.00,1.00,7.00,7.00,9.00,2.205
ME 233,4.00,1.00,9.00,7.00,7.00,2.205
ME 431,4.00,1.00,7.00,7.00,9.00,2.205
ME 431,4.00,1.00,9.00,7.00,7.00,2.205
ME 431,4.00,1.00,7.00,7.00,9.00,2.205
ME 431,4.00,1.00,9.00,7.00,7.00,2.205
MATH 201,3.00,0.00,9.00,9.00,9.00,2.187
MATH 201,3.00,0.00,9.00,9.00,9.00,2.187
CHE 387,3.00,0.00,9.00,9.00,9.00,2.187
CHEM 101,4.00,1.00,9.00,8.00,6.00,2.16
CHEM 101,4.00,1.00,9.00,6.00,8.00,2.16
CHEM 101,4.00,1.00,6.00,9.00,8.00,2.16
CHEM 101,4.00,1.00,9.00,8.00,6.00,2.16
CHEM 101,4.00,1.00,6.00,8.00,9.00,2.16
CHEM 101,4.00,1.00,6.00,8.00,9.00,2.16
CHEM 101,4.00,1.00,6.00,9.00,8.00,2.16
PHYS 101,4.00,1.00,6.00,9.00,8.00,2.16
PHYS 101,4.00,1.00,9.00,8.00,6.00,2.16
PHYS 101,4.00,1.00,8.00,6.00,9.00,2.16
PHYS 102,4.00,1.00,8.00,6.00,9.00,2.16
PHYS 102,4.00,1.00,8.00,9.00,6.00,2.16
PHYS 102,4.00,1.00,9.00,8.00,6.00,2.16
PHYS 102,4.00,1.00,9.00,8.00,6.00,2.16
ME 343,4.00,1.00,9.00,8.00,6.00,2.16
ME 343,4.00,1.00,8.00,9.00,6.00,2.16
ME 431,4.00,1.00,8.00,9.00,6.00,2.16
ME 431,4.00,1.00,6.00,8.00,9.00,2.16
ICS 103,3.00,1.00,8.00,8.00,8.00,2.048
MATH 101,4.00,0.00,8.00,9.00,7.00,2.016
MATH 101,4.00,0.00,8.00,9.00,7.00,2.016
MATH 102,4.00,0.00,8.00,9.00,7.00,2.016
ICS 103,3.00,1.00,7.00,8.00,9.00,2.016
STAT 319,3.00,1.00,9.00,8.00,7.00,2.016
STAT 319,3.00,1.00,8.00,9.00,7.00,2.016
CHEM 101,4.00,1.00,8.00,7.00,7.00,1.96
CHEM 101,4.00,1.00,7.00,7.00,8.00,1.96
PHYS 101,4.00,1.00,7.00,8.00,7.00,1.96
PHYS 101,4.00,1.00,7.00,7.00,8.00,1.96
ME 431,4.00,1.00,7.00,7.00,8.00,1.96
ME 431,4.00,1.00,8.00,7.00,7.00,1.96
ME 431,4.00,1.00,7.00,7.00,8.00,1.96
MATH 101,4.00,0.00,9.00,6.00,9.00,1.944
MATH 102,4.00,0.00,6.00,9.00,9.00,1.944
MATH 102,4.00,0.00,9.00,9.00,6.00,1.944
MATH 102,4.00,0.00,9.00,9.00,6.00,1.944
MATH 102,4.00,0.00,9.00,6.00,9.00,1.944
ICS 103,3.00,1.00,9.00,6.00,9.00,1.944
ICS 103,3.00,1.00,9.00,6.00,9.00,1.944
COE 202,3.00,0.00,9.00,8.00,9.00,1.944
COE 202,3.00,0.00,9.00,8.00,9.00,1.944
STAT 319,3.00,1.00,9.00,6.00,9.00,1.944
STAT 319,3.00,1.00,9.00,9.00,6.00,1.944
CHE 363,3.00,0.00,9.00,8.00,9.00,1.944
ME 381,3.00,0.00,9.00,9.00,8.00,1.944
ME 381,3.00,0.00,8.00,9.00,9.00,1.944
ME 485,3.00,0.00,8.00,9.00,9.00,1.944
ME 471,3.00,0.00,9.00,8.00,9.00,1.944
ME 471,3.00,0.00,9.00,9.00,8.00,1.944
CHEM 101,4.00,1.00,8.00,8.00,6.00,1.92
CHEM 101,4.00,1.00,8.00,8.00,6.00,1.92
PHYS 101,4.00,1.00,6.00,8.00,8.00,1.92
PHYS 102,4.00,1.00,8.00,6.00,8.00,1.92
PHYS 102,4.00,1.00,8.00,8.00,6.00,1.92
ME 233,4.00,1.00,8.00,8.00,6.00,1.92
ME 233,4.00,1.00,8.00,8.00,6.00,1.92
ME 233,4.00,1.00,8.00,8.00,6.00,1.92
ME 343,4.00,1.00,6.00,8.00,8.00,1.92
ME 431,4.00,1.00,6.00,8.00,8.00,1.92
CHEM 101,4.00,1.00,7.00,9.00,6.00,1.89
CHEM 101,4.00,1.00,9.00,7.00,6.00,1.89
PHYS 101,4.00,1.00,7.00,6.00,9.00,1.89
PHYS 101,4.00,1.00,7.00,9.00,6.00,1.89
PHYS 102,4.00,1.00,7.00,6.00,9.00,1.89
PHYS 102,4.00,1.00,6.00,9.00,7.00,1.89
ME 201,4.00,1.00,6.00,7.00,9.00,1.89
ME 201,4.00,1.00,7.00,6.00,9.00,1.89
ME 233,4.00,1.00,6.00,7.00,9.00,1.89
ME 431,4.00,1.00,6.00,7.00,9.00,1.89
ME 431,4.00,1.00,6.00,9.00,7.00,1.89
PHYS 101,4.00,1.00,9.00,5.00,8.00,1.8
PHYS 101,4.00,1.00,8.00,5.00,9.00,1.8
ME 201,4.00,1.00,5.00,8.00,9.00,1.8
ME 233,4.00,1.00,8.00,9.00,5.00,1.8
ME 233,4.00,1.00,5.00,8.00,9.00,1.8
ME 233,4.00,1.00,8.00,5.00,9.00,1.8
ME 233,4.00,1.00,5.00,8.00,9.00,1.8
ME 233,4.00,1.00,9.00,5.00,8.00,1.8
ME 343,4.00,1.00,9.00,5.00,8.00,1.8
MATH 101,4.00,0.00,8.00,8.00,7.00,1.792
MATH 101,4.00,0.00,7.00,8.00,8.00,1.792
MATH 101,4.00,0.00,9.00,7.00,7.00,1.764
STAT 319,3.00,1.00,7.00,9.00,7.00,1.764
STAT 319,3.00,1.00,7.00,9.00,7.00,1.764
MATH 102,4.00,0.00,9.00,6.00,8.00,1.728
MATH 102,4.00,0.00,9.00,8.00,6.00,1.728
ICS 103,3.00,1.00,6.00,8.00,9.00,1.728
COE 202,3.00,0.00,9.00,8.00,8.00,1.728
STAT 319,3.00,1.00,8.00,9.00,6.00,1.728
STAT 319,3.00,1.00,9.00,6.00,8.00,1.728
STAT 319,3.00,1.00,9.00,6.00,8.00,1.728
ME 381,3.00,0.00,9.00,8.00,8.00,1.728
PHYS 101,4.00,1.00,7.00,7.00,7.00,1.715
ME 324,4.00,1.00,7.00,7.00,7.00,1.715
MATH 201,3.00,0.00,9.00,7.00,9.00,1.701
MATH 201,3.00,0.00,9.00,9.00,7.00,1.701
COE 202,3.00,0.00,9.00,7.00,9.00,1.701
CHE 363,3.00,0.00,9.00,7.00,9.00,1.701
CHE 363,3.00,0.00,9.00,7.00,9.00,1.701
CHE 363,3.00,0.00,9.00,9.00,7.00,1.701
CHE 387,3.00,0.00,9.00,9.00,7.00,1.701
ME 485,3.00,0.00,9.00,9.00,7.00,1.701
ME 471,3.00,0.00,9.00,9.00,7.00,1.701
CHEM 101,4.00,1.00,7.00,8.00,6.00,1.68
CHEM 101,4.00,1.00,6.00,8.00,7.00,1.68
PHYS 101,4.00,1.00,7.00,8.00,6.00,1.68
PHYS 102,4.00,1.00,7.00,8.00,6.00,1.68
PHYS 102,4.00,1.00,7.00,6.00,8.00,1.68
PHYS 102,4.00,1.00,8.00,7.00,6.00,1.68
PHYS 102,4.00,1.00,8.00,6.00,7.00,1.68
ME 201,4.00,1.00,6.00,7.00,8.00,1.68
ME 201,4.00,1.00,6.00,7.00,8.00,1.68
ME 233,4.00,1.00,7.00,8.00,6.00,1.68
ME 233,4.00,1.00,6.00,7.00,8.00,1.68
ME 343,4.00,1.00,7.00,8.00,6.00,1.68
ME 343,4.00,1.00,6.00,8.00,7.00,1.68
ME 343,4.00,1.00,8.00,6.00,7.00,1.68
ME 343,4.00,1.00,8.00,7.00,6.00,1.68
ME 343,4.00,1.00,6.00,8.00,7.00,1.68
ME 431,4.00,1.00,6.00,7.00,8.00,1.68
CHEM 101,4.00,1.00,6.00,9.00,6.00,1.62
CHEM 101,4.00,1.00,6.00,6.00,9.00,1.62
PHYS 101,4.00,1.00,6.00,9.00,6.00,1.62
PHYS 101,4.00,1.00,6.00,9.00,6.00,1.62
PHYS 102,4.00,1.00,6.00,9.00,6.00,1.62
ME 233,4.00,1.00,6.00,9.00,6.00,1.62
STAT 319,3.00,1.00,9.00,5.00,9.00,1.62
STAT 319,3.00,1.00,9.00,5.00,9.00,1.62
ME 343,4.00,1.00,6.00,9.00,6.00,1.62
ME 343,4.00,1.00,6.00,6.00,9.00,1.62
ME 343,4.00,1.00,9.00,6.00,6.00,1.62
ME 343,4.00,1.00,9.00,6.00,6.00,1.62
ME 343,4.00,1.00,8.00,5.00,8.00,1.6
ME 233,4.00,1.00,9.00,7.00,5.00,1.575
ME 343,4.00,1.00,9.00,5.00,7.00,1.575
MATH 101,4.00,0.00,7.00,7.00,8.00,1.568
MATH 101,4.00,0.00,8.00,7.00,7.00,1.568
MATH 101,4.00,0.00,7.00,8.00,7.00,1.568
STAT 319,3.00,1.00,8.00,7.00,7.00,1.568
STAT 319,3.00,1.00,7.00,8.00,7.00,1.568
MATH 101,4.00,0.00,8.00,8.00,6.00,1.536
MATH 101,4.00,0.00,6.00,8.00,8.00,1.536
MATH 101,4.00,0.00,8.00,6.00,8.00,1.536
MATH 201,3.00,0.00,8.00,8.00,8.00,1.536
STAT 319,3.00,1.00,6.00,8.00,8.00,1.536
CHE 363,3.00,0.00,8.00,8.00,8.00,1.536
ME 471,3.00,0.00,8.00,8.00,8.00,1.536
MATH 101,4.00,0.00,9.00,7.00,6.00,1.512
MATH 101,4.00,0.00,6.00,7.00,9.00,1.512
MATH 101,4.00,0.00,9.00,6.00,7.00,1.512
MATH 101,4.00,0.00,6.00,7.00,9.00,1.512
MATH 102,4.00,0.00,7.00,9.00,6.00,1.512
MATH 102,4.00,0.00,9.00,7.00,6.00,1.512
MATH 102,4.00,0.00,6.00,9.00,7.00,1.512
MATH 102,4.00,0.00,9.00,7.00,6.00,1.512
MATH 102,4.00,0.00,6.00,9.00,7.00,1.512
MATH 201,3.00,0.00,8.00,7.00,9.00,1.512
COE 202,3.00,0.00,9.00,7.00,8.00,1.512
CHE 205,3.00,0.00,7.00,9.00,8.00,1.512
STAT 319,3.00,1.00,9.00,7.00,6.00,1.512
STAT 319,3.00,1.00,6.00,7.00,9.00,1.512
CHE 363,3.00,0.00,7.00,9.00,8.00,1.512
CHE 363,3.00,0.00,9.00,7.00,8.00,1.512
CHE 387,3.00,0.00,8.00,9.00,7.00,1.512
CHE 387,3.00,0.00,7.00,8.00,9.00,1.512
ME 381,3.00,0.00,9.00,7.00,8.00,1.512
ME 381,3.00,0.00,7.00,8.00,9.00,1.512
ME 381,3.00,0.00,7.00,9.00,8.00,1.512
ME 485,3.00,0.00,9.00,7.00,8.00,1.512
ME 485,3.00,0.00,9.00,8.00,7.00,1.512
ME 485,3.00,0.00,8.00,7.00,9.00,1.512
ME 471,3.00,0.00,9.00,7.00,8.00,1.512
CHEM 101,4.00,1.00,7.00,7.00,6.00,1.47
PHYS 101,4.00,1.00,7.00,7.00,6.00,1.47
ME 233,4.00,1.00,6.00,7.00,7.00,1.47
ME 324,4.00,1.00,6.00,7.00,7.00,1.47
ME 431,4.00,1.00,7.00,7.00,6.00,1.47
ME 431,4.00,1.00,6.00,7.00,7.00,1.47
MATH 201,3.00,0.00,9.00,9.00,6.00,1.458
CHE 363,3.00,0.00,9.00,6.00,9.00,1.458
CHE 387,3.00,0.00,9.00,6.00,9.00,1.458
CHE 387,3.00,0.00,9.00,9.00,6.00,1.458
ME 381,3.00,0.00,6.00,9.00,9.00,1.458
ME 381,3.00,0.00,9.00,9.00,6.00,1.458
ME 485,3.00,0.00,9.00,6.00,9.00,1.458
ME 471,3.00,0.00,9.00,9.00,6.00,1.458
CHEM 101,4.00,1.00,6.00,6.00,8.00,1.44
PHYS 101,4.00,1.00,8.00,6.00,6.00,1.44
PHYS 101,4.00,1.00,8.00,6.00,6.00,1.44
MATH 101,4.00,0.00,8.00,5.00,9.00,1.44
MATH 101,4.00,0.00,8.00,5.00,9.00,1.44
PHYS 102,4.00,1.00,8.00,6.00,6.00,1.44
MATH 102,4.00,0.00,9.00,5.00,8.00,1.44
ICS 103,3.00,1.00,8.00,5.00,9.00,1.44
ICS 103,3.00,1.00,8.00,5.00,9.00,1.44
ME 202,4.00,0.00,8.00,5.00,9.00,1.44
ME 202,4.00,0.00,8.00,5.00,9.00,1.44
ME 233,4.00,1.00,6.00,8.00,6.00,1.44
STAT 319,3.00,1.00,8.00,5.00,9.00,1.44
STAT 319,3.00,1.00,8.00,5.00,9.00,1.44
STAT 319,3.00,1.00,8.00,5.00,9.00,1.44
ME 343,4.00,1.00,6.00,6.00,8.00,1.44
ME 343,4.00,1.00,6.00,6.00,8.00,1.44
PHYS 102,4.00,1.00,7.00,5.00,8.00,1.4
ME 201,4.00,1.00,5.00,7.00,8.00,1.4
ME 201,4.00,1.00,7.00,5.00,8.00,1.4
ME 201,4.00,1.00,7.00,5.00,8.00,1.4
ME 233,4.00,1.00,8.00,7.00,5.00,1.4
ME 324,4.00,1.00,5.00,7.00,8.00,1.4
ME 324,4.00,1.00,5.00,7.00,8.00,1.4
PHYS 102,4.00,1.00,9.00,5.00,6.00,1.35
PHYS 102,4.00,1.00,6.00,5.00,9.00,1.35
PHYS 102,4.00,1.00,9.00,5.00,6.00,1.35
ME 233,4.00,1.00,6.00,9.00,5.00,1.35
ME 233,4.00,1.00,5.00,6.00,9.00,1.35
ME 343,4.00,1.00,6.00,5.00,9.00,1.35
MATH 101,4.00,0.00,8.00,6.00,7.00,1.344
MATH 101,4.00,0.00,6.00,7.00,8.00,1.344
MATH 101,4.00,0.00,6.00,7.00,8.00,1.344
MATH 101,4.00,0.00,8.00,6.00,7.00,1.344
MATH 102,4.00,0.00,8.00,7.00,6.00,1.344
MATH 102,4.00,0.00,6.00,8.00,7.00,1.344
MATH 102,4.00,0.00,7.00,8.00,6.00,1.344
MATH 201,3.00,0.00,8.00,7.00,8.00,1.344
COE 202,3.00,0.00,7.00,8.00,8.00,1.344
STAT 319,3.00,1.00,6.00,8.00,7.00,1.344
CHE 363,3.00,0.00,8.00,8.00,7.00,1.344
CHE 363,3.00,0.00,7.00,8.00,8.00,1.344
CHE 387,3.00,0.00,8.00,7.00,8.00,1.344
CHE 387,3.00,0.00,7.00,8.00,8.00,1.344
CHE 387,3.00,0.00,8.00,8.00,7.00,1.344
ME 381,3.00,0.00,8.00,7.00,8.00,1.344
ME 485,3.00,0.00,8.00,8.00,7.00,1.344
ME 471,3.00,0.00,7.00,8.00,8.00,1.344
ME 471,3.00,0.00,8.00,7.00,8.00,1.344
MATH 201,3.00,0.00,7.00,9.00,7.00,1.323
MATH 201,3.00,0.00,7.00,7.00,9.00,1.323
CHE 205,3.00,0.00,7.00,7.00,9.00,1.323
CHE 387,3.00,0.00,7.00,7.00,9.00,1.323
CHE 417,3.00,0.00,7.00,7.00,9.00,1.323
ME 471,3.00,0.00,9.00,7.00,7.00,1.323
ME 471,3.00,0.00,9.00,7.00,7.00,1.323
MATH 101,4.00,0.00,9.00,6.00,6.00,1.296
MATH 101,4.00,0.00,6.00,6.00,9.00,1.296
MATH 102,4.00,0.00,6.00,9.00,6.00,1.296
ICS 103,3.00,1.00,9.00,6.00,6.00,1.296
COE 202,3.00,0.00,6.00,8.00,9.00,1.296
COE 202,3.00,0.00,9.00,6.00,8.00,1.296
ENGL 214,3.00,0.00,9.00,6.00,8.00,1.296
STAT 319,3.00,1.00,6.00,6.00,9.00,1.296
STAT 319,3.00,1.00,9.00,6.00,6.00,1.296
CHE 363,3.00,0.00,8.00,9.00,6.00,1.296
ME 381,3.00,0.00,6.00,8.00,9.00,1.296
ME 381,3.00,0.00,9.00,8.00,6.00,1.296
ME 381,3.00,0.00,8.00,6.00,9.00,1.296
ME 381,3.00,0.00,6.00,8.00,9.00,1.296
ME 381,3.00,0.00,8.00,9.00,6.00,1.296
ME 485,3.00,0.00,8.00,9.00,6.00,1.296
ME 485,3.00,0.00,8.00,9.00,6.00,1.296
ME 485,3.00,0.00,9.00,8.00,6.00,1.296
ME 471,3.00,0.00,8.00,6.00,9.00,1.296
ME 471,3.00,0.00,6.00,8.00,9.00,1.296
ME 471,3.00,0.00,8.00,6.00,9.00,1.296
CHEM 101,4.00,1.00,6.00,6.00,7.00,1.26
CHEM 101,4.00,1.00,6.00,6.00,7.00,1.26
CHEM 101,4.00,1.00,6.00,7.00,6.00,1.26
MATH 102,4.00,0.00,7.00,5.00,9.00,1.26
ICS 103,3.00,1.00,5.00,7.00,9.00,1.26
ICS 103,3.00,1.00,9.00,5.00,7.00,1.26
ME 201,4.00,1.00,7.00,6.00,6.00,1.26
ME 324,4.00,1.00,6.00,6.00,7.00,1.26
ME 343,4.00,1.00,7.00,6.00,6.00,1.26
PHYS 101,4.00,1.00,7.00,5.00,7.00,1.225
ME 201,4.00,1.00,5.00,7.00,7.00,1.225
MATH 201,3.00,0.00,9.00,5.00,9.00,1.215
ME 485,3.00,0.00,9.00,5.00,9.00,1.215
PHYS 101,4.00,1.00,8.00,5.00,6.00,1.2
PHYS 102,4.00,1.00,8.00,5.00,6.00,1.2
PHYS 102,4.00,1.00,8.00,5.00,6.00,1.2
ME 233,4.00,1.00,8.00,5.00,6.00,1.2
ME 324,4.00,1.00,6.00,5.00,8.00,1.2
MATH 101,4.00,0.00,7.00,6.00,7.00,1.176
MATH 101,4.00,0.00,7.00,6.00,7.00,1.176
MATH 201,3.00,0.00,8.00,7.00,7.00,1.176
MATH 201,3.00,0.00,8.00,7.00,7.00,1.176
COE 202,3.00,0.00,7.00,7.00,8.00,1.176
CHE 316,3.00,0.00,7.00,8.00,7.00,1.176
STAT 319,3.00,1.00,6.00,7.00,7.00,1.176
STAT 319,3.00,1.00,7.00,7.00,6.00,1.176
CHE 363,3.00,0.00,8.00,7.00,7.00,1.176
CHE 387,3.00,0.00,7.00,7.00,8.00,1.176
ME 381,3.00,0.00,8.00,7.00,7.00,1.176
ME 381,3.00,0.00,7.00,8.00,7.00,1.176
ME 485,3.00,0.00,7.00,7.00,8.00,1.176
ME 485,3.00,0.00,8.00,7.00,7.00,1.176
ME 485,3.00,0.00,7.00,8.00,7.00,1.176
ME 471,3.00,0.00,7.00,7.00,8.00,1.176
MATH 101,4.00,0.00,8.00,6.00,6.00,1.152
MATH 102,4.00,0.00,8.00,6.00,6.00,1.152
MATH 201,3.00,0.00,6.00,8.00,8.00,1.152
MATH 201,3.00,0.00,8.00,6.00,8.00,1.152
COE 202,3.00,0.00,8.00,6.00,8.00,1.152
ENGL 214,3.00,0.00,8.00,6.00,8.00,1.152
CHE 316,3.00,0.00,6.00,8.00,8.00,1.152
CHE 363,3.00,0.00,8.00,8.00,6.00,1.152
CHE 387,3.00,0.00,8.00,8.00,6.00,1.152
ME 485,3.00,0.00,8.00,8.00,6.00,1.152
ME 471,3.00,0.00,6.00,8.00,8.00,1.152
ENGL 102,3.00,0.00,7.00,6.00,9.00,1.134
MATH 201,3.00,0.00,7.00,6.00,9.00,1.134
CHE 205,3.00,0.00,6.00,9.00,7.00,1.134
CHE 205,3.00,0.00,7.00,9.00,6.00,1.134
ENGL 214,3.00,0.00,7.00,6.00,9.00,1.134
ISE 307,3.00,0.00,6.00,7.00,9.00,1.134
CHE 363,3.00,0.00,9.00,7.00,6.00,1.134
CHE 363,3.00,0.00,7.00,9.00,6.00,1.134
CHE 363,3.00,0.00,6.00,7.00,9.00,1.134
CHE 387,3.00,0.00,9.00,7.00,6.00,1.134
CHE 417,3.00,0.00,6.00,7.00,9.00,1.134
CHE 417,3.00,0.00,7.00,6.00,9.00,1.134
ME 381,3.00,0.00,6.00,7.00,9.00,1.134
ME 381,3.00,0.00,9.00,6.00,7.00,1.134
ME 485,3.00,0.00,9.00,6.00,7.00,1.134
ME 485,3.00,0.00,7.00,9.00,6.00,1.134
ME 485,3.00,0.00,6.00,7.00,9.00,1.134
ME 485,3.00,0.00,9.00,6.00,7.00,1.134
ME 471,3.00,0.00,7.00,6.00,9.00,1.134
ME 471,3.00,0.00,9.00,7.00,6.00,1.134
ME 471,3.00,0.00,9.00,6.00,7.00,1.134
ME 233,4.00,1.00,9.00,5.00,5.00,1.125
MATH 102,4.00,0.00,8.00,5.00,7.00,1.12
MATH 102,4.00,0.00,8.00,5.00,7.00,1.12
ICS 103,3.00,1.00,5.00,8.00,7.00,1.12
ICS 103,3.00,1.00,7.00,5.00,8.00,1.12
CHE 215,3.00,1.00,5.00,7.00,8.00,1.12
CHE 215,3.00,1.00,7.00,5.00,8.00,1.12
PHYS 101,4.00,1.00,6.00,6.00,6.00,1.08
MATH 102,4.00,0.00,9.00,5.00,6.00,1.08
ICS 103,3.00,1.00,5.00,6.00,9.00,1.08
ME 201,4.00,1.00,6.00,4.00,9.00,1.08
ME 201,4.00,1.00,3.00,8.00,9.00,1.08
STAT 319,3.00,1.00,9.00,5.00,6.00,1.08
CHE 387,3.00,0.00,5.00,8.00,9.00,1.08
CHE 387,3.00,0.00,8.00,5.00,9.00,1.08
ME 485,3.00,0.00,9.00,5.00,8.00,1.08
PHYS 102,4.00,1.00,6.00,5.00,7.00,1.05
ME 201,4.00,1.00,5.00,6.00,7.00,1.05
ME 233,4.00,1.00,6.00,5.00,7.00,1.05
ME 324,4.00,1.00,7.00,5.00,6.00,1.05
ME 324,4.00,1.00,7.00,5.00,6.00,1.05
ME 324,4.00,1.00,6.00,5.00,7.00,1.05
ME 343,4.00,1.00,7.00,5.00,6.00,1.05
ME 343,4.00,1.00,7.00,5.00,6.00,1.05
ICS 103,3.00,1.00,8.00,4.00,8.00,1.024
ME 202,4.00,0.00,8.00,4.00,8.00,1.024
ENGL 102,3.00,0.00,7.00,6.00,8.00,1.008
ICS 103,3.00,1.00,6.00,7.00,6.00,1.008
ICS 103,3.00,1.00,6.00,7.00,6.00,1.008
MATH 201,3.00,0.00,8.00,6.00,7.00,1.008
MATH 201,3.00,0.00,8.00,7.00,6.00,1.008
ME 202,4.00,0.00,6.00,6.00,7.00,1.008
COE 202,3.00,0.00,8.00,6.00,7.00,1.008
COE 202,3.00,0.00,7.00,8.00,6.00,1.008
COE 202,3.00,0.00,6.00,8.00,7.00,1.008
CHE 205,3.00,0.00,6.00,8.00,7.00,1.008
CHE 215,3.00,1.00,7.00,6.00,6.00,1.008
CHE 316,3.00,0.00,6.00,7.00,8.00,1.008
CHE 363,3.00,0.00,7.00,6.00,8.00,1.008
CHE 363,3.00,0.00,7.00,6.00,8.00,1.008
CHE 363,3.00,0.00,8.00,7.00,6.00,1.008
CHE 363,3.00,0.00,8.00,6.00,7.00,1.008
CHE 363,3.00,0.00,8.00,6.00,7.00,1.008
CHE 363,3.00,0.00,7.00,6.00,8.00,1.008
CHE 387,3.00,0.00,7.00,8.00,6.00,1.008
CHE 387,3.00,0.00,6.00,8.00,7.00,1.008
CHE 387,3.00,0.00,7.00,8.00,6.00,1.008
CHE 417,3.00,0.00,6.00,7.00,8.00,1.008
CHE 417,3.00,0.00,6.00,7.00,8.00,1.008
CHE 417,3.00,0.00,7.00,6.00,8.00,1.008
ME 381,3.00,0.00,6.00,7.00,8.00,1.008
ME 381,3.00,0.00,6.00,7.00,8.00,1.008
ME 485,3.00,0.00,7.00,6.00,8.00,1.008
ME 485,3.00,0.00,6.00,7.00,8.00,1.008
ME 485,3.00,0.00,7.00,8.00,6.00,1.008
ME 485,3.00,0.00,8.00,7.00,6.00,1.008
ME 485,3.00,0.00,7.00,6.00,8.00,1.008
ME 471,3.00,0.00,7.00,6.00,8.00,1.008
ME 471,3.00,0.00,8.00,6.00,7.00,1.008
ME 471,3.00,0.00,7.00,6.00,8.00,1.008
ME 233,4.00,1.00,5.00,8.00,5.00,1
ME 233,4.00,1.00,5.00,5.00,8.00,1
MATH 102,4.00,0.00,7.00,5.00,7.00,0.98
ICS 103,3.00,1.00,7.00,5.00,7.00,0.98
ME 201,4.00,1.00,4.00,7.00,7.00,0.98
ME 324,4.00,1.00,4.00,7.00,7.00,0.98
MATH 201,3.00,0.00,6.00,6.00,9.00,0.972
COE 202,3.00,0.00,9.00,6.00,6.00,0.972
COE 202,3.00,0.00,6.00,6.00,9.00,0.972
CHE 205,3.00,0.00,6.00,6.00,9.00,0.972
ENGL 214,3.00,0.00,9.00,4.00,9.00,0.972
ENGL 214,3.00,0.00,9.00,6.00,6.00,0.972
ISE 307,3.00,0.00,6.00,6.00,9.00,0.972
ME 471,3.00,0.00,6.00,9.00,6.00,0.972
MATH 101,4.00,0.00,6.00,5.00,8.00,0.96
ME 202,4.00,0.00,6.00,5.00,8.00,0.96
ME 202,4.00,0.00,5.00,6.00,8.00,0.96
ME 202,4.00,0.00,5.00,6.00,8.00,0.96
ME 202,4.00,0.00,8.00,5.00,6.00,0.96
CHE 215,3.00,1.00,6.00,5.00,8.00,0.96
CHE 316,3.00,0.00,5.00,8.00,8.00,0.96
ME 471,3.00,0.00,8.00,5.00,8.00,0.96
MATH 201,3.00,0.00,7.00,5.00,9.00,0.945
COE 202,3.00,0.00,9.00,7.00,5.00,0.945
CHE 205,3.00,0.00,5.00,9.00,7.00,0.945
ISE 307,3.00,0.00,5.00,7.00,9.00,0.945
ISE 307,3.00,0.00,5.00,7.00,9.00,0.945
CHE 363,3.00,0.00,5.00,7.00,9.00,0.945
CHE 363,3.00,0.00,9.00,5.00,7.00,0.945
CHE 387,3.00,0.00,7.00,5.00,9.00,0.945
CHE 387,3.00,0.00,5.00,7.00,9.00,0.945
CHE 417,3.00,0.00,5.00,7.00,9.00,0.945
ME 485,3.00,0.00,9.00,5.00,7.00,0.945
ME 485,3.00,0.00,7.00,5.00,9.00,0.945
PHYS 102,4.00,1.00,6.00,5.00,6.00,0.9
PHYS 102,4.00,1.00,6.00,5.00,6.00,0.9
ME 201,4.00,1.00,5.00,6.00,6.00,0.9
CHE 215,3.00,1.00,5.00,5.00,9.00,0.9
CHE 215,3.00,1.00,5.00,5.00,9.00,0.9
ME 343,4.00,1.00,6.00,5.00,6.00,0.9
ME 343,4.00,1.00,6.00,5.00,6.00,0.9
ME 343,4.00,1.00,6.00,5.00,6.00,0.9
ICS 103,3.00,1.00,4.00,8.00,7.00,0.896
MATH 201,3.00,0.00,6.00,7.00,7.00,0.882
MATH 201,3.00,0.00,6.00,7.00,7.00,0.882
CHE 316,3.00,0.00,6.00,7.00,7.00,0.882
CHE 316,3.00,0.00,6.00,7.00,7.00,0.882
CHE 363,3.00,0.00,6.00,7.00,7.00,0.882
CHE 417,3.00,0.00,6.00,7.00,7.00,0.882
CHE 417,3.00,0.00,7.00,6.00,7.00,0.882
CHE 417,3.00,0.00,7.00,6.00,7.00,0.882
CHE 418,2.00,0.00,7.00,7.00,9.00,0.882
ME 381,3.00,0.00,6.00,7.00,7.00,0.882
ME 381,3.00,0.00,6.00,7.00,7.00,0.882
ME 233,4.00,1.00,7.00,5.00,5.00,0.875
MATH 201,3.00,0.00,6.00,6.00,8.00,0.864
MATH 201,3.00,0.00,6.00,6.00,8.00,0.864
MATH 201,3.00,0.00,6.00,8.00,6.00,0.864
MATH 201,3.00,0.00,6.00,8.00,6.00,0.864
ME 202,4.00,0.00,6.00,4.00,9.00,0.864
ME 202,4.00,0.00,6.00,4.00,9.00,0.864
COE 202,3.00,0.00,9.00,4.00,8.00,0.864
CHE 205,3.00,0.00,6.00,8.00,6.00,0.864
CHE 205,3.00,0.00,6.00,6.00,8.00,0.864
ENGL 214,3.00,0.00,9.00,4.00,8.00,0.864
ENGL 214,3.00,0.00,6.00,6.00,8.00,0.864
CHE 363,3.00,0.00,6.00,8.00,6.00,0.864
CHE 387,3.00,0.00,6.00,8.00,6.00,0.864
CHE 387,3.00,0.00,6.00,6.00,8.00,0.864
CHE 417,3.00,0.00,6.00,6.00,8.00,0.864
CHE 417,3.00,0.00,6.00,6.00,8.00,0.864
ME 381,3.00,0.00,8.00,6.00,6.00,0.864
ME 201,4.00,1.00,6.00,4.00,7.00,0.84
ME 202,4.00,0.00,5.00,6.00,7.00,0.84
ME 202,4.00,0.00,7.00,5.00,6.00,0.84
CHE 205,3.00,0.00,7.00,8.00,5.00,0.84
ME 324,4.00,1.00,4.00,7.00,6.00,0.84
ME 324,4.00,1.00,7.00,4.00,6.00,0.84
ME 324,4.00,1.00,6.00,7.00,4.00,0.84
CHE 326,3.00,0.00,5.00,7.00,8.00,0.84
CHE 363,3.00,0.00,7.00,5.00,8.00,0.84
CHE 387,3.00,0.00,7.00,5.00,8.00,0.84
CHE 417,3.00,0.00,7.00,5.00,8.00,0.84
CHE 417,3.00,0.00,7.00,5.00,8.00,0.84
CHE 417,3.00,0.00,7.00,5.00,8.00,0.84
MATH 201,3.00,0.00,6.00,5.00,9.00,0.81
MATH 201,3.00,0.00,9.00,5.00,6.00,0.81
CHE 205,3.00,0.00,5.00,6.00,9.00,0.81
CHE 205,3.00,0.00,5.00,6.00,9.00,0.81
ISE 307,3.00,0.00,5.00,6.00,9.00,0.81
ISE 307,3.00,0.00,5.00,6.00,9.00,0.81
CHE 363,3.00,0.00,5.00,6.00,9.00,0.81
CHE 363,3.00,0.00,5.00,6.00,9.00,0.81
ME 485,3.00,0.00,9.00,5.00,6.00,0.81
ME 201,4.00,1.00,4.00,5.00,8.00,0.8
ME 201,4.00,1.00,5.00,4.00,8.00,0.8
CHE 215,3.00,1.00,5.00,5.00,8.00,0.8
ICS 103,3.00,1.00,7.00,4.00,7.00,0.784
CHE 418,2.00,0.00,7.00,7.00,8.00,0.784
ICS 103,3.00,1.00,4.00,6.00,8.00,0.768
ME 202,4.00,0.00,4.00,6.00,8.00,0.768
ME 202,4.00,0.00,4.00,6.00,8.00,0.768
ENGL 214,3.00,0.00,8.00,4.00,8.00,0.768
CHE 215,3.00,1.00,6.00,4.00,8.00,0.768
CHE 215,3.00,1.00,6.00,4.00,8.00,0.768
CHE 316,3.00,0.00,4.00,8.00,8.00,0.768
CHE 316,3.00,0.00,4.00,8.00,8.00,0.768
CHE 326,3.00,0.00,4.00,8.00,8.00,0.768
ENGL 102,3.00,0.00,7.00,6.00,6.00,0.756
ENGL 102,3.00,0.00,6.00,6.00,7.00,0.756
COE 202,3.00,0.00,9.00,4.00,7.00,0.756
CHE 205,3.00,0.00,6.00,7.00,6.00,0.756
ENGL 214,3.00,0.00,7.00,6.00,6.00,0.756
CHE 215,3.00,1.00,7.00,3.00,9.00,0.756
ISE 307,3.00,0.00,6.00,7.00,6.00,0.756
ISE 307,3.00,0.00,6.00,6.00,7.00,0.756
CHE 326,3.00,0.00,6.00,7.00,6.00,0.756
CHE 326,3.00,0.00,6.00,7.00,6.00,0.756
CHE 326,3.00,0.00,6.00,6.00,7.00,0.756
ME 353,3.00,0.00,6.00,7.00,6.00,0.756
CHE 387,3.00,0.00,6.00,6.00,7.00,0.756
CHE 417,3.00,0.00,6.00,6.00,7.00,0.756
CHE 417,3.00,0.00,4.00,7.00,9.00,0.756
CHE 417,3.00,0.00,4.00,7.00,9.00,0.756
CHE 417,3.00,0.00,4.00,7.00,9.00,0.756
CHE 418,2.00,0.00,7.00,6.00,9.00,0.756
CHE 418,2.00,0.00,6.00,7.00,9.00,0.756
ME 381,3.00,0.00,6.00,7.00,6.00,0.756
ME 381,3.00,0.00,6.00,7.00,6.00,0.756
ME 381,3.00,0.00,6.00,6.00,7.00,0.756
ME 381,3.00,0.00,7.00,6.00,6.00,0.756
ME 381,3.00,0.00,6.00,6.00,7.00,0.756
ME 381,3.00,0.00,6.00,7.00,6.00,0.756
ME 381,3.00,0.00,6.00,6.00,7.00,0.756
ME 485,3.00,0.00,6.00,6.00,7.00,0.756
ME 471,3.00,0.00,6.00,7.00,6.00,0.756
ME 471,3.00,0.00,6.00,6.00,7.00,0.756
ENGL 102,3.00,0.00,7.00,5.00,7.00,0.735
ENGL 214,3.00,0.00,7.00,5.00,7.00,0.735
ENGL 214,3.00,0.00,7.00,5.00,7.00,0.735
CHE 316,3.00,0.00,7.00,5.00,7.00,0.735
ME 324,4.00,1.00,7.00,3.00,7.00,0.735
ME 353,3.00,0.00,5.00,7.00,7.00,0.735
CHE 387,3.00,0.00,5.00,7.00,7.00,0.735
CHE 387,3.00,0.00,5.00,7.00,7.00,0.735
CHE 205,3.00,0.00,3.00,9.00,9.00,0.729
ENGL 214,3.00,0.00,9.00,3.00,9.00,0.729
ENGL 101,3.00,0.00,5.00,6.00,8.00,0.72
ENGL 102,3.00,0.00,5.00,6.00,8.00,0.72
ENGL 102,3.00,0.00,5.00,6.00,8.00,0.72
ICS 103,3.00,1.00,5.00,4.00,9.00,0.72
MATH 201,3.00,0.00,8.00,5.00,6.00,0.72
ME 201,4.00,1.00,3.00,8.00,6.00,0.72
ME 201,4.00,1.00,3.00,8.00,6.00,0.72
ME 201,4.00,1.00,3.00,8.00,6.00,0.72
COE 202,3.00,0.00,6.00,5.00,8.00,0.72
ISE 307,3.00,0.00,5.00,6.00,8.00,0.72
ME 324,4.00,1.00,4.00,6.00,6.00,0.72
CHE 326,3.00,0.00,6.00,5.00,8.00,0.72
CHE 363,3.00,0.00,5.00,8.00,6.00,0.72
CHE 387,3.00,0.00,5.00,8.00,6.00,0.72
CHE 387,3.00,0.00,6.00,5.00,8.00,0.72
CHE 417,3.00,0.00,5.00,6.00,8.00,0.72
ME 485,3.00,0.00,8.00,5.00,6.00,0.72
ME 471,3.00,0.00,8.00,5.00,6.00,0.72
ME 201,4.00,1.00,5.00,4.00,7.00,0.7
CHE 215,3.00,1.00,5.00,7.00,5.00,0.7
CHE 215,3.00,1.00,5.00,5.00,7.00,0.7
ME 324,4.00,1.00,7.00,4.00,5.00,0.7
ME 324,4.00,1.00,5.00,4.00,7.00,0.7
ME 324,4.00,1.00,7.00,4.00,5.00,0.7
CHE 418,2.00,0.00,7.00,7.00,7.00,0.686
CHE 418,2.00,0.00,7.00,7.00,7.00,0.686
COE 202,3.00,0.00,9.00,5.00,5.00,0.675
COE 202,3.00,0.00,9.00,5.00,5.00,0.675
CHE 417,3.00,0.00,5.00,5.00,9.00,0.675
CHE 417,3.00,0.00,5.00,5.00,9.00,0.675
ENGL 102,3.00,0.00,7.00,4.00,8.00,0.672
ICS 103,3.00,1.00,7.00,4.00,6.00,0.672
ME 202,4.00,0.00,7.00,4.00,6.00,0.672
CHE 215,3.00,1.00,7.00,4.00,6.00,0.672
CHE 417,3.00,0.00,4.00,7.00,8.00,0.672
CHE 418,2.00,0.00,7.00,6.00,8.00,0.672
COE 202,3.00,0.00,6.00,4.00,9.00,0.648
CHE 205,3.00,0.00,4.00,6.00,9.00,0.648
CHE 205,3.00,0.00,3.00,9.00,8.00,0.648
ENGL 214,3.00,0.00,6.00,4.00,9.00,0.648
ISE 307,3.00,0.00,6.00,6.00,6.00,0.648
CHE 312,3.00,0.00,6.00,6.00,6.00,0.648
ME 353,3.00,0.00,6.00,6.00,6.00,0.648
ME 471,3.00,0.00,6.00,6.00,6.00,0.648
ICS 103,3.00,1.00,5.00,4.00,8.00,0.64
ICS 103,3.00,1.00,5.00,4.00,8.00,0.64
ICS 103,3.00,1.00,5.00,4.00,8.00,0.64
ICS 103,3.00,1.00,5.00,4.00,8.00,0.64
ME 201,4.00,1.00,4.00,4.00,8.00,0.64
ME 202,4.00,0.00,8.00,4.00,5.00,0.64
ENGL 101,3.00,0.00,5.00,6.00,7.00,0.63
MATH 201,3.00,0.00,6.00,5.00,7.00,0.63
ME 201,4.00,1.00,3.00,6.00,7.00,0.63
COE 202,3.00,0.00,7.00,5.00,6.00,0.63
COE 202,3.00,0.00,7.00,5.00,6.00,0.63
CHE 205,3.00,0.00,7.00,5.00,6.00,0.63
CHE 205,3.00,0.00,5.00,6.00,7.00,0.63
CHE 205,3.00,0.00,7.00,5.00,6.00,0.63
ISE 307,3.00,0.00,5.00,6.00,7.00,0.63
ISE 307,3.00,0.00,5.00,6.00,7.00,0.63
CHE 326,3.00,0.00,5.00,7.00,6.00,0.63
CHE 326,3.00,0.00,5.00,7.00,6.00,0.63
ME 353,3.00,0.00,6.00,5.00,7.00,0.63
ME 353,3.00,0.00,6.00,5.00,7.00,0.63
ME 353,3.00,0.00,5.00,6.00,7.00,0.63
ME 353,3.00,0.00,7.00,6.00,5.00,0.63
ME 353,3.00,0.00,6.00,5.00,7.00,0.63
CHE 387,3.00,0.00,6.00,5.00,7.00,0.63
ME 471,3.00,0.00,6.00,5.00,7.00,0.63
ME 471,3.00,0.00,6.00,5.00,7.00,0.63
ME 324,4.00,1.00,5.00,5.00,5.00,0.625
ENGL 101,3.00,0.00,5.00,5.00,8.00,0.6
ME 201,4.00,1.00,4.00,5.00,6.00,0.6
ME 201,4.00,1.00,4.00,5.00,6.00,0.6
CHE 215,3.00,1.00,5.00,6.00,5.00,0.6
CHE 215,3.00,1.00,6.00,5.00,5.00,0.6
ISE 307,3.00,0.00,5.00,5.00,8.00,0.6
ME 324,4.00,1.00,5.00,4.00,6.00,0.6
CHE 326,3.00,0.00,5.00,8.00,5.00,0.6
CHE 417,3.00,0.00,5.00,5.00,8.00,0.6
ENGL 214,3.00,0.00,7.00,4.00,7.00,0.588
CHE 316,3.00,0.00,4.00,7.00,7.00,0.588
ME 353,3.00,0.00,7.00,4.00,7.00,0.588
CHE 417,3.00,0.00,4.00,7.00,7.00,0.588
CHE 418,2.00,0.00,7.00,6.00,7.00,0.588
CHE 418,2.00,0.00,7.00,6.00,7.00,0.588
CHE 418,2.00,0.00,7.00,6.00,7.00,0.588
ENGL 102,3.00,0.00,4.00,6.00,8.00,0.576
COE 202,3.00,0.00,8.00,4.00,6.00,0.576
CHE 205,3.00,0.00,4.00,8.00,6.00,0.576
CHE 312,3.00,0.00,4.00,6.00,8.00,0.576
CHE 316,3.00,0.00,6.00,4.00,8.00,0.576
CHE 316,3.00,0.00,6.00,4.00,8.00,0.576
CHE 316,3.00,0.00,4.00,8.00,6.00,0.576
ENGL 102,3.00,0.00,7.00,3.00,9.00,0.567
CHE 205,3.00,0.00,3.00,9.00,7.00,0.567
ENGL 214,3.00,0.00,7.00,3.00,9.00,0.567
ICS 103,3.00,1.00,4.00,5.00,7.00,0.56
CHE 215,3.00,1.00,7.00,4.00,5.00,0.56
ME 324,4.00,1.00,4.00,4.00,7.00,0.56
ME 324,4.00,1.00,4.00,7.00,4.00,0.56
ME 201,4.00,1.00,3.00,4.00,9.00,0.54
COE 202,3.00,0.00,5.00,4.00,9.00,0.54
CHE 205,3.00,0.00,6.00,5.00,6.00,0.54
ENGL 214,3.00,0.00,5.00,4.00,9.00,0.54
ME 253,3.00,0.00,6.00,5.00,6.00,0.54
ISE 307,3.00,0.00,4.00,5.00,9.00,0.54
CHE 316,3.00,0.00,5.00,6.00,6.00,0.54
CHE 326,3.00,0.00,6.00,5.00,6.00,0.54
CHE 326,3.00,0.00,6.00,6.00,5.00,0.54
ME 353,3.00,0.00,5.00,6.00,6.00,0.54
CHE 417,3.00,0.00,4.00,5.00,9.00,0.54
CHE 418,2.00,0.00,5.00,6.00,9.00,0.54
CHE 418,2.00,0.00,5.00,6.00,9.00,0.54
CHE 418,2.00,0.00,5.00,6.00,9.00,0.54
ME 471,3.00,0.00,6.00,5.00,6.00,0.54
ENGL 101,3.00,0.00,5.00,5.00,7.00,0.525
COE 202,3.00,0.00,5.00,7.00,5.00,0.525
CHE 205,3.00,0.00,5.00,5.00,7.00,0.525
ENGL 214,3.00,0.00,5.00,5.00,7.00,0.525
CHE 316,3.00,0.00,7.00,5.00,5.00,0.525
CHE 326,3.00,0.00,5.00,7.00,5.00,0.525
CHE 326,3.00,0.00,5.00,5.00,7.00,0.525
ME 353,3.00,0.00,5.00,5.00,7.00,0.525
ME 353,3.00,0.00,5.00,5.00,7.00,0.525
ME 202,4.00,0.00,4.00,4.00,8.00,0.512
ENGL 101,3.00,0.00,4.00,6.00,7.00,0.504
ENGL 102,3.00,0.00,7.00,4.00,6.00,0.504
ME 202,4.00,0.00,7.00,2.00,9.00,0.504
ME 202,4.00,0.00,7.00,3.00,6.00,0.504
ME 202,4.00,0.00,7.00,3.00,6.00,0.504
CHE 215,3.00,1.00,6.00,3.00,7.00,0.504
ISE 307,3.00,0.00,6.00,4.00,7.00,0.504
ISE 307,3.00,0.00,3.00,7.00,8.00,0.504
ISE 307,3.00,0.00,3.00,7.00,8.00,0.504
CHE 326,3.00,0.00,4.00,6.00,7.00,0.504
CHE 326,3.00,0.00,4.00,6.00,7.00,0.504
ME 353,3.00,0.00,6.00,4.00,7.00,0.504
ME 353,3.00,0.00,4.00,7.00,6.00,0.504
CHE 418,2.00,0.00,6.00,6.00,7.00,0.504
ME 324,4.00,1.00,5.00,4.00,5.00,0.5
ME 324,4.00,1.00,5.00,4.00,5.00,0.5
CHE 418,2.00,0.00,5.00,7.00,7.00,0.49
ENGL 101,3.00,0.00,3.00,6.00,9.00,0.486
ENGL 102,3.00,0.00,3.00,6.00,9.00,0.486
ENGL 214,3.00,0.00,6.00,3.00,9.00,0.486
CHE 417,3.00,0.00,3.00,6.00,9.00,0.486
ENGL 102,3.00,0.00,4.00,5.00,8.00,0.48
ICS 103,3.00,1.00,5.00,4.00,6.00,0.48
ME 201,4.00,1.00,4.00,4.00,6.00,0.48
ME 202,4.00,0.00,8.00,3.00,5.00,0.48
COE 202,3.00,0.00,8.00,4.00,5.00,0.48
COE 202,3.00,0.00,5.00,4.00,8.00,0.48
CHE 215,3.00,1.00,5.00,3.00,8.00,0.48
CHE 316,3.00,0.00,5.00,4.00,8.00,0.48
CHE 316,3.00,0.00,5.00,8.00,4.00,0.48
CHE 316,3.00,0.00,4.00,5.00,8.00,0.48
ME 324,4.00,1.00,4.00,4.00,6.00,0.48
CHE 418,2.00,0.00,5.00,6.00,8.00,0.48
COE 202,3.00,0.00,6.00,5.00,5.00,0.45
CHE 205,3.00,0.00,5.00,5.00,6.00,0.45
CHE 312,3.00,0.00,5.00,5.00,6.00,0.45
CHE 312,3.00,0.00,5.00,5.00,6.00,0.45
CHE 312,3.00,0.00,6.00,5.00,5.00,0.45
ME 324,4.00,1.00,6.00,3.00,5.00,0.45
ME 324,4.00,1.00,5.00,3.00,6.00,0.45
CHE 326,3.00,0.00,5.00,5.00,6.00,0.45
CHE 326,3.00,0.00,5.00,6.00,5.00,0.45
CHE 326,3.00,0.00,5.00,6.00,5.00,0.45
ME 353,3.00,0.00,5.00,5.00,6.00,0.45
CHE 387,3.00,0.00,5.00,5.00,6.00,0.45
CHE 418,2.00,0.00,5.00,5.00,9.00,0.45
CHE 418,2.00,0.00,5.00,5.00,9.00,0.45
ME 202,4.00,0.00,7.00,2.00,8.00,0.448
CHE 418,2.00,0.00,4.00,7.00,8.00,0.448
ENGL 102,3.00,0.00,7.00,3.00,7.00,0.441
ENGL 214,3.00,0.00,7.00,3.00,7.00,0.441
ISE 307,3.00,0.00,3.00,7.00,7.00,0.441
CHE 417,3.00,0.00,3.00,7.00,7.00,0.441
ENGL 101,3.00,0.00,3.00,6.00,8.00,0.432
ENGL 101,3.00,0.00,4.00,6.00,6.00,0.432
ENGL 102,3.00,0.00,4.00,6.00,6.00,0.432
ME 202,4.00,0.00,4.00,3.00,9.00,0.432
ENGL 214,3.00,0.00,8.00,3.00,6.00,0.432
CHE 215,3.00,1.00,4.00,3.00,9.00,0.432
ISE 307,3.00,0.00,4.00,4.00,9.00,0.432
ISE 307,3.00,0.00,4.00,6.00,6.00,0.432
ISE 307,3.00,0.00,4.00,6.00,6.00,0.432
CHE 312,3.00,0.00,6.00,3.00,8.00,0.432
CHE 316,3.00,0.00,6.00,6.00,4.00,0.432
CHE 326,3.00,0.00,3.00,6.00,8.00,0.432
CHE 326,3.00,0.00,6.00,4.00,6.00,0.432
CHE 326,3.00,0.00,6.00,4.00,6.00,0.432
ME 353,3.00,0.00,6.00,6.00,4.00,0.432
ME 353,3.00,0.00,6.00,4.00,6.00,0.432
CHE 418,2.00,0.00,4.00,6.00,9.00,0.432
CHE 418,2.00,0.00,4.00,6.00,9.00,0.432
ENGL 101,3.00,0.00,4.00,5.00,7.00,0.42
ME 201,4.00,1.00,3.00,4.00,7.00,0.42
ME 202,4.00,0.00,5.00,3.00,7.00,0.42
ENGL 214,3.00,0.00,4.00,5.00,7.00,0.42
ENGL 214,3.00,0.00,4.00,5.00,7.00,0.42
ENGL 214,3.00,0.00,4.00,5.00,7.00,0.42
ENGL 214,3.00,0.00,4.00,5.00,7.00,0.42
CHE 215,3.00,1.00,5.00,3.00,7.00,0.42
ME 254,3.00,0.00,5.00,4.00,7.00,0.42
ISE 307,3.00,0.00,4.00,7.00,5.00,0.42
CHE 316,3.00,0.00,4.00,7.00,5.00,0.42
CHE 316,3.00,0.00,4.00,5.00,7.00,0.42
ME 324,4.00,1.00,7.00,3.00,4.00,0.42
ME 353,3.00,0.00,7.00,4.00,5.00,0.42
CHE 417,3.00,0.00,4.00,5.00,7.00,0.42
CHE 417,3.00,0.00,4.00,5.00,7.00,0.42
CHE 418,2.00,0.00,6.00,5.00,7.00,0.42
ENGL 102,3.00,0.00,3.00,5.00,9.00,0.405
ISE 307,3.00,0.00,5.00,3.00,9.00,0.405
CHE 215,3.00,1.00,5.00,4.00,5.00,0.4
ME 324,4.00,1.00,4.00,5.00,4.00,0.4
ENGL 102,3.00,0.00,4.00,4.00,8.00,0.384
ME 202,4.00,0.00,4.00,4.00,6.00,0.384
ME 202,4.00,0.00,4.00,3.00,8.00,0.384
ME 202,4.00,0.00,6.00,2.00,8.00,0.384
CHE 215,3.00,1.00,4.00,3.00,8.00,0.384
ENGL 101,3.00,0.00,3.00,6.00,7.00,0.378
ENGL 102,3.00,0.00,7.00,2.00,9.00,0.378
ENGL 102,3.00,0.00,7.00,2.00,9.00,0.378
CHE 326,3.00,0.00,3.00,7.00,6.00,0.378
ME 353,3.00,0.00,6.00,3.00,7.00,0.378
ME 353,3.00,0.00,6.00,3.00,7.00,0.378
CHE 418,2.00,0.00,3.00,7.00,9.00,0.378
ISE 307,3.00,0.00,5.00,5.00,5.00,0.375
CHE 316,3.00,0.00,5.00,5.00,5.00,0.375
CHE 326,3.00,0.00,5.00,5.00,5.00,0.375
CHE 326,3.00,0.00,5.00,5.00,5.00,0.375
ENGL 101,3.00,0.00,5.00,4.00,6.00,0.36
ENGL 101,3.00,0.00,5.00,3.00,8.00,0.36
ENGL 101,3.00,0.00,5.00,3.00,8.00,0.36
ENGL 102,3.00,0.00,5.00,3.00,8.00,0.36
ME 202,4.00,0.00,5.00,3.00,6.00,0.36
CHE 205,3.00,0.00,4.00,6.00,5.00,0.36
CHE 205,3.00,0.00,4.00,5.00,6.00,0.36
ENGL 214,3.00,0.00,5.00,3.00,8.00,0.36
CHE 215,3.00,1.00,3.00,6.00,5.00,0.36
CHE 215,3.00,1.00,3.00,5.00,6.00,0.36
ME 254,3.00,0.00,6.00,5.00,4.00,0.36
ISE 307,3.00,0.00,3.00,5.00,8.00,0.36
CHE 312,3.00,0.00,6.00,5.00,4.00,0.36
CHE 312,3.00,0.00,6.00,5.00,4.00,0.36
CHE 316,3.00,0.00,4.00,5.00,6.00,0.36
CHE 326,3.00,0.00,4.00,6.00,5.00,0.36
CHE 326,3.00,0.00,3.00,8.00,5.00,0.36
ENGL 102,3.00,0.00,7.00,2.00,8.00,0.336
ME 202,4.00,0.00,7.00,2.00,6.00,0.336
ENGL 214,3.00,0.00,4.00,4.00,7.00,0.336
CHE 215,3.00,1.00,3.00,4.00,7.00,0.336
CHE 316,3.00,0.00,7.00,4.00,4.00,0.336
CHE 316,3.00,0.00,7.00,4.00,4.00,0.336
CHE 316,3.00,0.00,4.00,4.00,7.00,0.336
CHE 316,3.00,0.00,7.00,4.00,4.00,0.336
CHE 418,2.00,0.00,3.00,7.00,8.00,0.336
CHE 418,2.00,0.00,3.00,7.00,8.00,0.336
ENGL 101,3.00,0.00,6.00,2.00,9.00,0.324
ENGL 101,3.00,0.00,6.00,2.00,9.00,0.324
ENGL 102,3.00,0.00,6.00,3.00,6.00,0.324
ENGL 102,3.00,0.00,6.00,3.00,6.00,0.324
ENGL 102,3.00,0.00,6.00,2.00,9.00,0.324
ENGL 102,3.00,0.00,6.00,2.00,9.00,0.324
CHE 205,3.00,0.00,3.00,6.00,6.00,0.324
ME 253,3.00,0.00,6.00,3.00,6.00,0.324
CHE 312,3.00,0.00,3.00,6.00,6.00,0.324
ME 353,3.00,0.00,6.00,6.00,3.00,0.324
CHE 418,2.00,0.00,3.00,6.00,9.00,0.324
ME 202,4.00,0.00,5.00,2.00,8.00,0.32
CHE 205,3.00,0.00,3.00,7.00,5.00,0.315
ME 254,3.00,0.00,3.00,5.00,7.00,0.315
ISE 307,3.00,0.00,3.00,7.00,5.00,0.315
ME 353,3.00,0.00,7.00,3.00,5.00,0.315
CHE 205,3.00,0.00,4.00,5.00,5.00,0.3
CHE 215,3.00,1.00,3.00,5.00,5.00,0.3
CHE 215,3.00,1.00,3.00,5.00,5.00,0.3
ME 253,3.00,0.00,5.00,5.00,4.00,0.3
ME 254,3.00,0.00,4.00,5.00,5.00,0.3
CHE 326,3.00,0.00,4.00,5.00,5.00,0.3
CHE 326,3.00,0.00,4.00,5.00,5.00,0.3
GS 320,3.00,0.00,4.00,5.00,5.00,0.3
GS 320,3.00,0.00,4.00,5.00,5.00,0.3
GS 434,3.00,0.00,4.00,5.00,5.00,0.3
CHE 418,2.00,0.00,3.00,7.00,7.00,0.294
ENGL 101,3.00,0.00,4.00,3.00,8.00,0.288
ENGL 101,3.00,0.00,6.00,2.00,8.00,0.288
ENGL 101,3.00,0.00,4.00,4.00,6.00,0.288
ENGL 101,3.00,0.00,4.00,3.00,8.00,0.288
ENGL 101,3.00,0.00,4.00,4.00,6.00,0.288
ENGL 214,3.00,0.00,6.00,2.00,8.00,0.288
ENGL 214,3.00,0.00,6.00,2.00,8.00,0.288
ENGL 214,3.00,0.00,4.00,3.00,8.00,0.288
CHE 215,3.00,1.00,3.00,3.00,8.00,0.288
CHE 215,3.00,1.00,4.00,3.00,6.00,0.288
CHE 312,3.00,0.00,6.00,2.00,8.00,0.288
CHE 312,3.00,0.00,4.00,4.00,6.00,0.288
CHE 418,2.00,0.00,3.00,6.00,8.00,0.288
CHE 418,2.00,0.00,3.00,6.00,8.00,0.288
ENGL 101,3.00,0.00,6.00,3.00,5.00,0.27
ENGL 101,3.00,0.00,5.00,3.00,6.00,0.27
ENGL 214,3.00,0.00,5.00,3.00,6.00,0.27
CHE 312,3.00,0.00,5.00,3.00,6.00,0.27
CHE 326,3.00,0.00,3.00,6.00,5.00,0.27
ME 353,3.00,0.00,5.00,3.00,6.00,0.27
ME 353,3.00,0.00,6.00,3.00,5.00,0.27
CHE 418,2.00,0.00,3.00,5.00,9.00,0.27
ENGL 102,3.00,0.00,6.00,2.00,7.00,0.252
ME 253,3.00,0.00,4.00,3.00,7.00,0.252
ME 254,3.00,0.00,3.00,4.00,7.00,0.252
ME 254,3.00,0.00,6.00,2.00,7.00,0.252
ISE 307,3.00,0.00,4.00,3.00,7.00,0.252
CHE 312,3.00,0.00,4.00,3.00,7.00,0.252
CHE 312,3.00,0.00,4.00,3.00,7.00,0.252
ME 353,3.00,0.00,4.00,3.00,7.00,0.252
ME 353,3.00,0.00,7.00,3.00,4.00,0.252
ENGL 101,3.00,0.00,5.00,2.00,8.00,0.24
CHE 215,3.00,1.00,3.00,4.00,5.00,0.24
ME 253,3.00,0.00,4.00,5.00,4.00,0.24
ME 253,3.00,0.00,4.00,4.00,5.00,0.24
ME 254,3.00,0.00,5.00,4.00,4.00,0.24
ME 254,3.00,0.00,5.00,4.00,4.00,0.24
CHE 316,3.00,0.00,4.00,5.00,4.00,0.24
ME 324,4.00,1.00,4.00,3.00,4.00,0.24
CHE 326,3.00,0.00,4.00,4.00,5.00,0.24
GS 320,3.00,0.00,4.00,4.00,5.00,0.24
GS 434,3.00,0.00,4.00,4.00,5.00,0.24
CHE 205,3.00,0.00,3.00,5.00,5.00,0.225
ME 253,3.00,0.00,5.00,3.00,5.00,0.225
ME 254,3.00,0.00,3.00,5.00,5.00,0.225
ISE 307,3.00,0.00,3.00,5.00,5.00,0.225
CHE 312,3.00,0.00,3.00,5.00,5.00,0.225
GS 320,3.00,0.00,5.00,3.00,5.00,0.225
GS 320,3.00,0.00,5.00,3.00,5.00,0.225
GS 434,3.00,0.00,5.00,5.00,3.00,0.225
GS 434,3.00,0.00,5.00,3.00,5.00,0.225
ENGL 101,3.00,0.00,6.00,2.00,6.00,0.216
ENGL 101,3.00,0.00,4.00,3.00,6.00,0.216
ENGL 101,3.00,0.00,6.00,2.00,6.00,0.216
ENGL 102,3.00,0.00,6.00,2.00,6.00,0.216
ME 253,3.00,0.00,3.00,4.00,6.00,0.216
ME 253,3.00,0.00,4.00,3.00,6.00,0.216
ME 253,3.00,0.00,3.00,4.00,6.00,0.216
ME 254,3.00,0.00,6.00,2.00,6.00,0.216
CHE 312,3.00,0.00,3.00,6.00,4.00,0.216
ME 353,3.00,0.00,4.00,3.00,6.00,0.216
ME 353,3.00,0.00,6.00,4.00,3.00,0.216
IAS 101,2.00,0.00,5.00,5.00,4.00,0.2
ME 253,3.00,0.00,4.00,4.00,4.00,0.192
ME 254,3.00,0.00,4.00,4.00,4.00,0.192
ME 254,3.00,0.00,4.00,4.00,4.00,0.192
CHE 312,3.00,0.00,4.00,2.00,8.00,0.192
CHE 316,3.00,0.00,4.00,4.00,4.00,0.192
CHE 316,3.00,0.00,4.00,4.00,4.00,0.192
ME 253,3.00,0.00,3.00,3.00,7.00,0.189
ISE 307,3.00,0.00,3.00,3.00,7.00,0.189
ENGL 101,3.00,0.00,3.00,4.00,5.00,0.18
ENGL 101,3.00,0.00,3.00,4.00,5.00,0.18
ENGL 101,3.00,0.00,6.00,2.00,5.00,0.18
ME 253,3.00,0.00,3.00,4.00,5.00,0.18
ME 253,3.00,0.00,3.00,5.00,4.00,0.18
ME 254,3.00,0.00,3.00,5.00,4.00,0.18
CHE 312,3.00,0.00,5.00,3.00,4.00,0.18
CHE 312,3.00,0.00,3.00,5.00,4.00,0.18
ME 353,3.00,0.00,5.00,4.00,3.00,0.18
GS 320,3.00,0.00,4.00,3.00,5.00,0.18
GS 320,3.00,0.00,4.00,3.00,5.00,0.18
GS 320,3.00,0.00,5.00,3.00,4.00,0.18
GS 320,3.00,0.00,3.00,4.00,5.00,0.18
GS 320,3.00,0.00,3.00,4.00,5.00,0.18
GS 320,3.00,0.00,4.00,5.00,3.00,0.18
GS 434,3.00,0.00,3.00,5.00,4.00,0.18
ENGL 101,3.00,0.00,4.00,2.00,7.00,0.168
CHE 312,3.00,0.00,4.00,2.00,7.00,0.168
ENGL 102,3.00,0.00,3.00,3.00,6.00,0.162
ME 254,3.00,0.00,3.00,3.00,6.00,0.162
ISE 307,3.00,0.00,3.00,3.00,6.00,0.162
CHE 312,3.00,0.00,5.00,2.00,5.00,0.15
GS 434,3.00,0.00,2.00,5.00,5.00,0.15
GS 434,3.00,0.00,5.00,2.00,5.00,0.15
GS 434,3.00,0.00,5.00,5.00,2.00,0.15
ME 254,3.00,0.00,4.00,2.00,6.00,0.144
ME 254,3.00,0.00,4.00,2.00,6.00,0.144
ME 254,3.00,0.00,6.00,2.00,4.00,0.144
CHE 312,3.00,0.00,6.00,2.00,4.00,0.144
CHE 312,3.00,0.00,6.00,2.00,4.00,0.144
CHE 312,3.00,0.00,4.00,3.00,4.00,0.144
ME 353,3.00,0.00,4.00,4.00,3.00,0.144
GS 320,3.00,0.00,4.00,4.00,3.00,0.144
ME 253,3.00,0.00,3.00,3.00,5.00,0.135
ME 253,3.00,0.00,3.00,3.00,5.00,0.135
CHE 312,3.00,0.00,3.00,3.00,5.00,0.135
CHE 312,3.00,0.00,3.00,3.00,5.00,0.135
GS 320,3.00,0.00,3.00,5.00,3.00,0.135
GS 434,3.00,0.00,3.00,3.00,5.00,0.135
ENGL 102,3.00,0.00,3.00,2.00,7.00,0.126
ME 254,3.00,0.00,3.00,2.00,7.00,0.126
IAS 101,2.00,0.00,5.00,4.00,3.00,0.12
IAS 101,2.00,0.00,5.00,3.00,4.00,0.12
ME 253,3.00,0.00,5.00,2.00,4.00,0.12
ME 253,3.00,0.00,5.00,2.00,4.00,0.12
CHE 312,3.00,0.00,4.00,2.00,5.00,0.12
CHE 312,3.00,0.00,5.00,2.00,4.00,0.12
GS 320,3.00,0.00,5.00,2.00,4.00,0.12
GS 320,3.00,0.00,4.00,2.00,5.00,0.12
GS 320,3.00,0.00,5.00,4.00,2.00,0.12
GS 320,3.00,0.00,4.00,5.00,2.00,0.12
GS 320,3.00,0.00,4.00,2.00,5.00,0.12
GS 434,3.00,0.00,5.00,2.00,4.00,0.12
GS 434,3.00,0.00,5.00,2.00,4.00,0.12
GS 434,3.00,0.00,5.00,4.00,2.00,0.12
ENGL 102,3.00,0.00,3.00,2.00,6.00,0.108
ME 253,3.00,0.00,3.00,2.00,6.00,0.108
ME 254,3.00,0.00,6.00,1.00,6.00,0.108
ME 254,3.00,0.00,3.00,3.00,4.00,0.108
CHE 312,3.00,0.00,3.00,3.00,4.00,0.108
GS 320,3.00,0.00,4.00,3.00,3.00,0.108
GS 434,3.00,0.00,3.00,4.00,3.00,0.108
ME 254,3.00,0.00,5.00,1.00,7.00,0.105
IAS 101,2.00,0.00,3.00,4.00,4.00,0.096
IAS 101,2.00,0.00,4.00,4.00,3.00,0.096
IAS 101,2.00,0.00,3.00,4.00,4.00,0.096
CHE 312,3.00,0.00,4.00,2.00,4.00,0.096
GS 320,3.00,0.00,4.00,2.00,4.00,0.096
GS 320,3.00,0.00,4.00,4.00,2.00,0.096
GS 320,3.00,0.00,4.00,2.00,4.00,0.096
GS 434,3.00,0.00,2.00,4.00,4.00,0.096
GS 434,3.00,0.00,4.00,4.00,2.00,0.096
IAS 101,2.00,0.00,5.00,3.00,3.00,0.09
IAS 101,2.00,0.00,3.00,5.00,3.00,0.09
ME 253,3.00,0.00,6.00,1.00,5.00,0.09
ME 253,3.00,0.00,5.00,1.00,6.00,0.09
ME 254,3.00,0.00,5.00,1.00,6.00,0.09
ME 254,3.00,0.00,6.00,1.00,5.00,0.09
GS 434,3.00,0.00,5.00,2.00,3.00,0.09
GS 434,3.00,0.00,3.00,2.00,5.00,0.09
ME 253,3.00,0.00,4.00,1.00,7.00,0.084
ME 253,3.00,0.00,4.00,1.00,7.00,0.084
ME 253,3.00,0.00,4.00,1.00,7.00,0.084
ME 254,3.00,0.00,4.00,1.00,7.00,0.084
IAS 101,2.00,0.00,5.00,4.00,2.00,0.08
IAS 101,2.00,0.00,4.00,5.00,2.00,0.08
IAS 101,2.00,0.00,2.00,5.00,4.00,0.08
ME 253,3.00,0.00,5.00,1.00,5.00,0.075
ME 253,3.00,0.00,5.00,1.00,5.00,0.075
IAS 101,2.00,0.00,3.00,4.00,3.00,0.072
IAS 101,2.00,0.00,3.00,4.00,3.00,0.072
IAS 101,2.00,0.00,4.00,3.00,3.00,0.072
IAS 101,2.00,0.00,3.00,3.00,4.00,0.072
IAS 101,2.00,0.00,3.00,4.00,3.00,0.072
IAS 111,2.00,0.00,4.00,3.00,3.00,0.072
IAS 201,2.00,0.00,4.00,3.00,3.00,0.072
ME 253,3.00,0.00,4.00,1.00,6.00,0.072
ME 253,3.00,0.00,6.00,1.00,4.00,0.072
ME 253,3.00,0.00,6.00,1.00,4.00,0.072
ME 254,3.00,0.00,6.00,1.00,4.00,0.072
IAS 322,2.00,0.00,4.00,3.00,3.00,0.072
IAS 322,2.00,0.00,4.00,3.00,3.00,0.072
GS 320,3.00,0.00,2.00,3.00,4.00,0.072
GS 320,3.00,0.00,3.00,4.00,2.00,0.072
GS 434,3.00,0.00,2.00,4.00,3.00,0.072
GS 434,3.00,0.00,2.00,4.00,3.00,0.072
ME 254,3.00,0.00,3.00,1.00,7.00,0.063
ME 254,3.00,0.00,3.00,1.00,7.00,0.063
IAS 101,2.00,0.00,2.00,5.00,3.00,0.06
ME 254,3.00,0.00,5.00,1.00,4.00,0.06
GS 320,3.00,0.00,1.00,5.00,4.00,0.06
GS 434,3.00,0.00,1.00,5.00,4.00,0.06
IAS 212,2.00,0.00,3.00,3.00,3.00,0.054
IAS 212,2.00,0.00,3.00,3.00,3.00,0.054
ME 254,3.00,0.00,3.00,1.00,6.00,0.054
IAS 301,2.00,0.00,3.00,3.00,3.00,0.054
IAS 322,2.00,0.00,3.00,3.00,3.00,0.054
IAS 322,2.00,0.00,3.00,3.00,3.00,0.054
IAS 322,2.00,0.00,3.00,3.00,3.00,0.054
GS 320,3.00,0.00,3.00,2.00,3.00,0.054
GS 434,3.00,0.00,2.00,3.00,3.00,0.054
GS 434,3.00,0.00,3.00,3.00,2.00,0.054
IAS 101,2.00,0.00,4.00,3.00,2.00,0.048
IAS 101,2.00,0.00,3.00,4.00,2.00,0.048
IAS 101,2.00,0.00,2.00,4.00,3.00,0.048
IAS 201,2.00,0.00,4.00,3.00,2.00,0.048
IAS 212,2.00,0.00,4.00,3.00,2.00,0.048
IAS 212,2.00,0.00,4.00,3.00,2.00,0.048
IAS 212,2.00,0.00,4.00,2.00,3.00,0.048
ME 253,3.00,0.00,4.00,1.00,4.00,0.048
ME 254,3.00,0.00,4.00,1.00,4.00,0.048
IAS 301,2.00,0.00,4.00,2.00,3.00,0.048
IAS 301,2.00,0.00,4.00,2.00,3.00,0.048
IAS 322,2.00,0.00,4.00,3.00,2.00,0.048
GS 320,3.00,0.00,4.00,2.00,2.00,0.048
GS 320,3.00,0.00,2.00,4.00,2.00,0.048
GS 434,3.00,0.00,4.00,2.00,2.00,0.048
GS 434,3.00,0.00,1.00,4.00,4.00,0.048
GS 434,3.00,0.00,2.00,4.00,2.00,0.048
GS 434,3.00,0.00,1.00,5.00,3.00,0.045
IAS 101,2.00,0.00,2.00,5.00,2.00,0.04
IAS 111,2.00,0.00,3.00,2.00,3.00,0.036
IAS 111,2.00,0.00,2.00,3.00,3.00,0.036
IAS 111,2.00,0.00,2.00,3.00,3.00,0.036
IAS 111,2.00,0.00,3.00,2.00,3.00,0.036
IAS 201,2.00,0.00,3.00,2.00,3.00,0.036
IAS 212,2.00,0.00,2.00,3.00,3.00,0.036
IAS 212,2.00,0.00,3.00,2.00,3.00,0.036
IAS 212,2.00,0.00,3.00,3.00,2.00,0.036
IAS 212,2.00,0.00,3.00,3.00,2.00,0.036
IAS 301,2.00,0.00,3.00,3.00,2.00,0.036
IAS 301,2.00,0.00,2.00,3.00,3.00,0.036
IAS 322,2.00,0.00,3.00,3.00,2.00,0.036
IAS 322,2.00,0.00,3.00,3.00,2.00,0.036
GS 320,3.00,0.00,3.00,2.00,2.00,0.036
GS 434,3.00,0.00,1.00,3.00,4.00,0.036
IAS 101,2.00,0.00,4.00,4.00,1.00,0.032
IAS 101,2.00,0.00,2.00,4.00,2.00,0.032
IAS 301,2.00,0.00,4.00,2.00,2.00,0.032
IAS 101,2.00,0.00,5.00,3.00,1.00,0.03
IAS 101,2.00,0.00,5.00,3.00,1.00,0.03
IAS 101,2.00,0.00,3.00,5.00,1.00,0.03
IAS 101,2.00,0.00,3.00,5.00,1.00,0.03
GS 320,3.00,0.00,1.00,5.00,2.00,0.03
GS 434,3.00,0.00,1.00,3.00,3.00,0.027
IAS 101,2.00,0.00,4.00,3.00,1.00,0.024
IAS 111,2.00,0.00,4.00,3.00,1.00,0.024
IAS 111,2.00,0.00,3.00,2.00,2.00,0.024
IAS 111,2.00,0.00,3.00,2.00,2.00,0.024
IAS 111,2.00,0.00,3.00,2.00,2.00,0.024
IAS 111,2.00,0.00,2.00,2.00,3.00,0.024
IAS 201,2.00,0.00,4.00,1.00,3.00,0.024
IAS 201,2.00,0.00,4.00,1.00,3.00,0.024
IAS 201,2.00,0.00,2.00,2.00,3.00,0.024
IAS 201,2.00,0.00,2.00,2.00,3.00,0.024
IAS 201,2.00,0.00,2.00,2.00,3.00,0.024
IAS 201,2.00,0.00,2.00,2.00,3.00,0.024
IAS 201,2.00,0.00,2.00,2.00,3.00,0.024
IAS 212,2.00,0.00,3.00,2.00,2.00,0.024
IAS 212,2.00,0.00,2.00,3.00,2.00,0.024
IAS 212,2.00,0.00,2.00,3.00,2.00,0.024
IAS 301,2.00,0.00,4.00,3.00,1.00,0.024
IAS 322,2.00,0.00,4.00,1.00,3.00,0.024
IAS 322,2.00,0.00,2.00,3.00,2.00,0.024
IAS 322,2.00,0.00,2.00,3.00,2.00,0.024
IAS 322,2.00,0.00,2.00,2.00,3.00,0.024
GS 434,3.00,0.00,1.00,2.00,4.00,0.024
IAS 101,2.00,0.00,2.00,5.00,1.00,0.02
IAS 212,2.00,0.00,3.00,3.00,1.00,0.018
IAS 212,2.00,0.00,3.00,3.00,1.00,0.018
IAS 212,2.00,0.00,3.00,3.00,1.00,0.018
IAS 301,2.00,0.00,1.00,3.00,3.00,0.018
IAS 301,2.00,0.00,3.00,3.00,1.00,0.018
IAS 301,2.00,0.00,3.00,1.00,3.00,0.018
IAS 301,2.00,0.00,3.00,3.00,1.00,0.018
IAS 322,2.00,0.00,1.00,3.00,3.00,0.018
IAS 322,2.00,0.00,1.00,3.00,3.00,0.018
IAS 111,2.00,0.00,4.00,1.00,2.00,0.016
IAS 111,2.00,0.00,4.00,2.00,1.00,0.016
IAS 111,2.00,0.00,4.00,1.00,2.00,0.016
IAS 201,2.00,0.00,4.00,1.00,2.00,0.016
IAS 201,2.00,0.00,4.00,2.00,1.00,0.016
IAS 201,2.00,0.00,4.00,1.00,2.00,0.016
IAS 201,2.00,0.00,4.00,1.00,2.00,0.016
IAS 201,2.00,0.00,2.00,2.00,2.00,0.016
IAS 212,2.00,0.00,4.00,2.00,1.00,0.016
IAS 212,2.00,0.00,4.00,1.00,2.00,0.016
IAS 212,2.00,0.00,4.00,2.00,1.00,0.016
IAS 212,2.00,0.00,4.00,1.00,2.00,0.016
IAS 212,2.00,0.00,4.00,1.00,2.00,0.016
IAS 322,2.00,0.00,2.00,2.00,2.00,0.016
IAS 322,2.00,0.00,2.00,2.00,2.00,0.016
IAS 322,2.00,0.00,2.00,2.00,2.00,0.016
IAS 101,2.00,0.00,2.00,3.00,1.00,0.012
IAS 111,2.00,0.00,3.00,1.00,2.00,0.012
IAS 111,2.00,0.00,1.00,2.00,3.00,0.012
IAS 111,2.00,0.00,3.00,1.00,2.00,0.012
IAS 111,2.00,0.00,2.00,3.00,1.00,0.012
IAS 111,2.00,0.00,3.00,1.00,2.00,0.012
IAS 201,2.00,0.00,1.00,2.00,3.00,0.012
IAS 201,2.00,0.00,2.00,3.00,1.00,0.012
IAS 201,2.00,0.00,2.00,1.00,3.00,0.012
IAS 201,2.00,0.00,3.00,2.00,1.00,0.012
IAS 212,2.00,0.00,1.00,2.00,3.00,0.012
IAS 212,2.00,0.00,3.00,2.00,1.00,0.012
IAS 212,2.00,0.00,3.00,1.00,2.00,0.012
IAS 212,2.00,0.00,2.00,3.00,1.00,0.012
IAS 212,2.00,0.00,1.00,2.00,3.00,0.012
IAS 301,2.00,0.00,2.00,3.00,1.00,0.012
IAS 301,2.00,0.00,1.00,2.00,3.00,0.012
IAS 301,2.00,0.00,3.00,2.00,1.00,0.012
IAS 301,2.00,0.00,1.00,3.00,2.00,0.012
IAS 301,2.00,0.00,3.00,1.00,2.00,0.012
IAS 301,2.00,0.00,2.00,1.00,3.00,0.012
IAS 322,2.00,0.00,1.00,2.00,3.00,0.012
IAS 322,2.00,0.00,3.00,2.00,1.00,0.012
IAS 322,2.00,0.00,3.00,2.00,1.00,0.012
IAS 322,2.00,0.00,3.00,1.00,2.00,0.012
IAS 322,2.00,0.00,3.00,2.00,1.00,0.012
GS 434,3.00,0.00,1.00,2.00,2.00,0.012
IAS 111,2.00,0.00,2.00,2.00,1.00,0.008
IAS 111,2.00,0.00,2.00,2.00,1.00,0.008
IAS 111,2.00,0.00,4.00,1.00,1.00,0.008
IAS 111,2.00,0.00,1.00,2.00,2.00,0.008
IAS 201,2.00,0.00,4.00,1.00,1.00,0.008
IAS 201,2.00,0.00,2.00,1.00,2.00,0.008
IAS 201,2.00,0.00,4.00,1.00,1.00,0.008
IAS 212,2.00,0.00,4.00,1.00,1.00,0.008
IAS 301,2.00,0.00,2.00,1.00,2.00,0.008
IAS 301,2.00,0.00,1.00,2.00,2.00,0.008
IAS 301,2.00,0.00,4.00,1.00,1.00,0.008
IAS 301,2.00,0.00,1.00,2.00,2.00,0.008
IAS 301,2.00,0.00,1.00,2.00,2.00,0.008
IAS 301,2.00,0.00,4.00,1.00,1.00,0.008
IAS 301,2.00,0.00,4.00,1.00,1.00,0.008
IAS 301,2.00,0.00,1.00,2.00,2.00,0.008
IAS 322,2.00,0.00,2.00,1.00,2.00,0.008
IAS 322,2.00,0.00,2.00,2.00,1.00,0.008
IAS 322,2.00,0.00,2.00,2.00,1.00,0.008
IAS 111,2.00,0.00,1.00,3.00,1.00,0.006
IAS 111,2.00,0.00,1.00,3.00,1.00,0.006
IAS 111,2.00,0.00,1.00,3.00,1.00,0.006
IAS 201,2.00,0.00,1.00,1.00,3.00,0.006
IAS 201,2.00,0.00,1.00,1.00,3.00,0.006
IAS 201,2.00,0.00,3.00,1.00,1.00,0.006
IAS 212,2.00,0.00,1.00,1.00,3.00,0.006
IAS 322,2.00,0.00,1.00,1.00,3.00,0.006
IAS 111,2.00,0.00,1.00,2.00,1.00,0.004
IAS 111,2.00,0.00,2.00,1.00,1.00,0.004
IAS 111,2.00,0.00,1.00,2.00,1.00,0.004
IAS 201,2.00,0.00,2.00,1.00,1.00,0.004
IAS 201,2.00,0.00,1.00,1.00,2.00,0.004
IAS 201,2.00,0.00,2.00,1.00,1.00,0.004
IAS 212,2.00,0.00,2.00,1.00,1.00,0.004
IAS 212,2.00,0.00,1.00,1.00,2.00,0.004
IAS 301,2.00,0.00,2.00,1.00,1.00,0.004
IAS 301,2.00,0.00,1.00,1.00,2.00,0.004
IAS 301,2.00,0.00,2.00,1.00,1.00,0.004
IAS 301,2.00,0.00,2.00,1.00,1.00,0.004
IAS 322,2.00,0.00,2.00,1.00,1.00,0.004
IAS 322,2.00,0.00,2.00,1.00,1.00,0.004
IAS 322,2.00,0.00,2.00,1.00,1.00,0.004
IAS 322,2.00,0.00,1.00,1.00,2.00,0.004
PE 101,1.00,0.00,2.00,1.00,1.00,0.002
PE 101,1.00,0.00,2.00,1.00,1.00,0.002
PE 101,1.00,0.00,2.00,1.00,1.00,0.002
PE 101,1.00,0.00,2.00,1.00,1.00,0.002
PE 101,1.00,0.00,2.00,1.00,1.00,0.002
PE 101,1.00,0.00,2.00,1.00,1.00,0.002
PE 101,1.00,0.00,2.00,1.00,1.00,0.002
PE 101,1.00,0.00,2.00,1.00,1.00,0.002
PE 101,1.00,0.00,2.00,1.00,1.00,0.002
PE 101,1.00,0.00,2.00,1.00,1.00,0.002
PE 101,1.00,0.00,2.00,1.00,1.00,0.002
PE 101,1.00,0.00,2.00,1.00,1.00,0.002
PE 101,1.00,0.00,2.00,1.00,1.00,0.002
PE 101,1.00,0.00,2.00,1.00,1.00,0.002
PE 101,1.00,0.00,2.00,1.00,1.00,0.002
PE 101,1.00,0.00,2.00,1.00,1.00,0.002
PE 101,1.00,0.00,2.00,1.00,1.00,0.002
PE 102,1.00,0.00,2.00,1.00,1.00,0.002
PE 102,1.00,0.00,2.00,1.00,1.00,0.002
PE 102,1.00,0.00,2.00,1.00,1.00,0.002
PE 102,1.00,0.00,2.00,1.00,1.00,0.002
PE 102,1.00,0.00,2.00,1.00,1.00,0.002
PE 102,1.00,0.00,2.00,1.00,1.00,0.002
PE 102,1.00,0.00,2.00,1.00,1.00,0.002
PE 102,1.00,0.00,2.00,1.00,1.00,0.002
PE 102,1.00,0.00,2.00,1.00,1.00,0.002
PE 102,1.00,0.00,2.00,1.00,1.00,0.002
PE 102,1.00,0.00,2.00,1.00,1.00,0.002
PE 102,1.00,0.00,2.00,1.00,1.00,0.002
PE 102,1.00,0.00,2.00,1.00,1.00,0.002
IAS 111,2.00,0.00,1.00,1.00,1.00,0.002
IAS 111,2.00,0.00,1.00,1.00,1.00,0.002
IAS 201,2.00,0.00,1.00,1.00,1.00,0.002
IAS 201,2.00,0.00,1.00,1.00,1.00,0.002
IAS 212,2.00,0.00,1.00,1.00,1.00,0.002
IAS 301,2.00,0.00,1.00,1.00,1.00,0.002
PE 101,1.00,0.00,1.00,1.00,1.00,0.001
PE 101,1.00,0.00,1.00,1.00,1.00,0.001
PE 101,1.00,0.00,1.00,1.00,1.00,0.001
PE 101,1.00,0.00,1.00,1.00,1.00,0.001
PE 101,1.00,0.00,1.00,1.00,1.00,0.001
PE 101,1.00,0.00,1.00,1.00,1.00,0.001
PE 101,1.00,0.00,1.00,1.00,1.00,0.001
PE 101,1.00,0.00,1.00,1.00,1.00,0.001
PE 101,1.00,0.00,1.00,1.00,1.00,0.001
PE 101,1.00,0.00,1.00,1.00,1.00,0.001
PE 101,1.00,0.00,1.00,1.00,1.00,0.001
PE 101,1.00,0.00,1.00,1.00,1.00,0.001
PE 101,1.00,0.00,1.00,1.00,1.00,0.001
PE 102,1.00,0.00,1.00,1.00,1.00,0.001
PE 102,1.00,0.00,1.00,1.00,1.00,0.001
PE 102,1.00,0.00,1.00,1.00,1.00,0.001
PE 102,1.00,0.00,1.00,1.00,1.00,0.001
PE 102,1.00,0.00,1.00,1.00,1.00,0.001
PE 102,1.00,0.00,1.00,1.00,1.00,0.001
PE 102,1.00,0.00,1.00,1.00,1.00,0.001
PE 102,1.00,0.00,1.00,1.00,1.00,0.001
PE 102,1.00,0.00,1.00,1.00,1.00,0.001
PE 102,1.00,0.00,1.00,1.00,1.00,0.001
PE 102,1.00,0.00,1.00,1.00,1.00,0.001
PE 102,1.00,0.00,1.00,1.00,1.00,0.001
PE 102,1.00,0.00,1.00,1.00,1.00,0.001
PE 102,1.00,0.00,1.00,1.00,1.00,0.001
PE 102,1.00,0.00,1.00,1.00,1.00,0.001
PE 102,1.00,0.00,1.00,1.00,1.00,0.001
PE 102,1.00,0.00,1.00,1.00,1.00,0.001
